"","V1","V2","V3","V4","V5","V6"
"1",547739,4199988366,66556307561,160127986750951,3163021960512612,2305843009213693952
"2",112455,914820299,50970161486,12441805961054,2054660734429667,368934881474191040
"3",52374,456568550,35001942702,10284655971176,477375500070119,188232082384791328
"4",42192,181463485,13484867988,8255431006745,334713747889925,144115188075855872
"5",27857,173606791,11504204546,5620713738385,185472702786197,144115188075855872
"6",22047,134329414,11269761691,5620713738385,85211445171929,76226215180617984
"7",14675,116033261,10355609475,5366416094791,79786955336114,54576165898548968
"8",9041,64729781,9900002254,2549580340152,58816524059119,36028797018963968
"9",8143,47923717,9590873986,1335484971130,52038591730214,25549507027298548
"10",7912,45104211,8900630880,1283205164564,32104073975464,23058430092136940
"11",6683,37385196,7874594377,1138727831550,30601663686765,14757395258967642
"12",6466,30783066,6495293590,991493903451,24465437396829,6387376756824638
"13",6273,23375166,4294401994,988251080100,23536455503411,5764607523034236
"14",4150,20148903,3551655944,877533502185,22874008399417,3283507311091056
"15",3918,18735317,3230748282,718850474599,20982762744540,2838834114144283
"16",3298,17071439,3223986744,534253862402,20669825103210,2251799813685248
"17",2367,15975588,2091834908,477281234494,18348360166497,2183046635941959
"18",1869,14262871,920752828,359242672244,18296711043156,1937276210219445
"19",1485,13808074,850428682,314204011486,12706049335525,1882320823847914
"20",1348,13174703,820427853,311095664445,8239832652162,1829671104315568
"21",1137,13056467,762137433,298897030411,6760892666347,1371709107206243
"22",1058,12558044,751402996,271830301884,5912414182334,1164420153623883
"23",949,11954619,718048807,224477939765,5611948494123,1043840203356131
"24",901,11545220,700571500,185466347648,5516869069428,1000799917193444
"25",897,10673523,692545007,174031141258,5136651836074,1000799917193444
"26",813,9980783,605486644,169806672267,4950219129120,762262151806180
"27",692,8474868,578316463,121187663686,4766893693646,685446792275177
"28",612,7034881,535627891,120111365256,4600057074144,651322084376441
"29",611,6854657,522447186,117019825311,4523070030392,629968720500975
"30",572,6841157,514371242,85324477777,4466591041732,619683689656999
"31",534,6268462,513910604,71320770245,4061282709820,580963217237010
"32",514,4631948,476134687,61443472293,3829184506214,537461222356202
"33",512,4180492,469024437,60836184439,3214126125005,529348716532069
"34",494,4149498,426093557,56817575198,2885058992855,521418510761195
"35",476,3702947,409512568,54972944019,2843559376401,491415207888261
"36",426,3375546,398199189,39103929417,2815351191006,463928979269392
"37",424,3294660,380746677,38139332164,2775341242728,394009655980810
"38",418,3255887,370108469,33747292338,2609600508390,374188487843514
"39",340,3133271,368486741,31851048187,2549580340152,347147880494365
"40",325,3110350,364096420,29976507293,2489019271204,304643018788967
"41",295,2838322,359456247,29728551072,2079567363914,301171331815666
"42",271,2759096,342734984,24127223635,2010253346841,291105038405971
"43",267,2624847,335117382,22859123169,1809013682452,266602267223227
"44",262,2398716,332351072,21544021083,1595955582358,260960050839033
"45",240,2397288,306786768,21392802730,1553025792331,245067808397672
"46",233,2215448,248607385,20744421228,1549209224142,245067808397672
"47",228,2095647,240720352,19551049938,1511805149544,223819360742915
"48",224,2074420,235806474,18514046335,1487616657289,215252912246605
"49",222,2006931,227923550,18264436360,1405178434596,195871053470126
"50",214,1826190,189324297,17744269694,1394272938871,185472702786197
"51",211,1803098,181244752,17668242306,1349828396922,178993810026486
"52",210,1795200,170158202,17606540791,1329407686768,162830521094110
"53",210,1745287,165142695,17216221012,1300610913728,151180514954429
"54",204,1663035,158304900,16902231666,1275581236899,149963775313065
"55",203,1634589,147169842,16527974226,1140329980957,139644385787139
"56",202,1614602,145346911,15047301039,1118203521666,127463302564293
"57",200,1467094,143193598,13576076243,1081002287307,126520878420504
"58",196,1409686,135924459,12984646110,1014647276262,121961944288989
"59",185,1354839,134983872,12750121832,959768162004,120207119040451
"60",181,1294374,133649173,12306930341,939656099216,120207119040451
"61",169,1220093,129023145,12015506067,939056541982,119343875017530
"62",168,1195499,128025234,10888160638,938457558395,117645051490495
"63",146,1131730,120149857,10759132291,929541147579,111976253649489
"64",142,1089341,115210436,10544132426,888461584988,108174282661554
"65",138,1051673,114068291,10384818392,847471487714,105985314988277
"66",128,1036459,102746141,9719575566,823338269193,102481911520609
"67",125,995119,98911212,9493885484,816493443915,101802099721358
"68",121,949651,96563402,9274201188,739347037477,101129029832626
"69",121,925031,94863361,9061486621,677387213435,97861749587314
"70",107,916918,94350690,8532032998,677020215087,94145822013645
"71",106,893430,93164577,8434782123,660809064537,92366728457527
"72",104,877581,88910167,7835167599,656934909148,89511670469568
"73",94,867079,87291781,7448197656,653094723936,89511670469568
"74",94,859543,84676805,7448197656,609523597971,85731819200390
"75",92,856009,84610650,7434247942,574448423573,84184810624718
"76",89,851085,84271861,7041100792,560652591824,84184810624718
"77",88,846300,81454861,6992330739,550293078272,82186429377187
"78",87,831985,78301916,6655392121,549219335936,79786955336114
"79",87,809171,75446666,6580232616,531436275326,79319682810216
"80",82,765111,70530219,6528167521,529147522642,72776259601493
"81",82,748119,69576135,6161901017,518905796931,72369120486271
"82",81,740181,68376892,6098370986,513290106781,71965388384061
"83",81,723181,68092933,5786285752,480774589607,68107366765527
"84",79,709023,66288694,5710231487,465768061450,67738721343518
"85",76,695884,64845513,5670936967,464514593362,66650566805807
"86",75,673690,63881500,5260936507,456083070371,64211276981188
"87",75,671473,63722086,5069083806,448867631285,63206683183402
"88",73,631610,63610684,5002485919,440663957089,60952359797086
"89",72,596651,63168644,4991784920,437597811447,57935390084577
"90",71,578328,62246498,4937420377,431934396427,57358922126447
"91",71,575412,60608788,4905815147,413304324041,55954840185729
"92",70,560667,60480968,4898807890,393893199283,55136997249268
"93",68,542275,59989619,4696014406,373552574031,54336954689737
"94",67,538490,59327794,4621675935,369525886396,53041722230013
"95",64,524769,57888663,4393569200,369378002101,53041722230013
"96",62,487605,57113115,4119080266,364402285510,52286689551331
"97",61,460469,54661788,3993875191,351981200118,51547664363266
"98",60,451712,54431244,3940886313,347756510014,51304801735798
"99",60,433692,53876716,3904162017,347621498268,49422218133010
"100",59,422944,51946996,3902395482,347621498268,44946235481167
"101",58,413906,49368492,3826930567,343474823892,44748452506621
"102",57,409834,48559858,3788403498,333871242783,44356783033504
"103",55,396289,47024423,3780278074,326254421593,43212140125067
"104",53,381026,46926890,3770348570,324299709368,42291780130382
"105",52,374394,46191526,3343927327,319132626656,41225643688814
"106",50,365943,44475500,3306800929,306686623831,40879211243678
"107",49,363836,44285276,3276332546,297502948036,39865716507340
"108",47,363811,42984450,3262053386,295588724921,39210849343627
"109",47,363751,42480595,3247257988,294112628726,37795128738607
"110",47,357891,40065211,3196675604,288521458238,37490943828266
"111",46,356569,39565078,3165835411,287503567134,36023731181767
"112",46,353044,39167713,3115876011,283088220176,35600341348284
"113",46,351188,38971511,2982094912,282592921137,35460869038273
"114",43,346407,38676477,2903879437,280820565724,35184372088832
"115",40,344604,38354103,2894011743,279259099053,34775651001432
"116",40,342582,38246086,2886133335,274273285752,31747694785763
"117",40,339611,38020608,2874223686,270065627044,31052510855500
"118",39,333836,37777691,2870776585,269143744709,30825850949854
"119",39,333294,37748502,2783381324,266044401428,30825850949854
"120",39,328276,36977601,2742543681,264514767386,30160564394294
"121",37,326648,35746408,2735652099,260441283106,29202302519138
"122",37,311902,35667721,2695580067,259742463945,28190168336027
"123",36,311358,35432378,2688497391,258699497099,27799997699818
"124",36,306525,35014701,2606339528,256717958000,27607943022877
"125",36,302940,30592970,2603887739,254674440091,27323571256320
"126",35,300419,30446848,2482640327,248280325980,26676882424148
"127",34,297104,30062849,2319947823,248036095820,26496328747069
"128",34,294648,29170736,2257581159,233198921398,26228915870242
"129",33,291192,28915732,2252714886,232976597818,26228915870242
"130",33,288892,28632148,2188902237,232532903399,25878617085581
"131",33,281716,28554918,2107739329,230697752309,25792138893454
"132",32,281704,28222032,2065621697,214525715680,25792138893454
"133",31,280894,27440766,2044882470,209448363849,25450524930340
"134",31,279671,27132422,2026254789,209322171134,24787347586280
"135",31,279145,26878365,1978753761,205588794703,23994204050090
"136",31,275192,25141867,1967441178,204793066582,23536455503411
"137",31,274601,24859755,1959534294,202853921374,23238528689480
"138",30,274287,24587261,1943862852,202373438531,23018780243168
"139",30,270983,24468307,1904073582,200409381780,22170235050429
"140",30,270956,24035279,1889548170,198706900419,22170235050429
"141",30,266393,23958176,1888520867,193167310047,21630340909443
"142",29,246132,23752009,1838672145,191556084756,21432954800098
"143",29,244280,23718655,1837997360,191445709601,21367759538085
"144",29,240892,22945065,1836804419,187534877465,21238258263324
"145",29,239311,22909062,1784003513,185518958483,21046202656180
"146",28,236229,22903936,1770680526,184784438441,20546607344297
"147",28,229949,22565784,1757700329,174078961864,20424488105989
"148",27,220607,22156561,1743423279,171290908180,20064592278293
"149",27,205695,22154982,1698665928,170083493314,19316731004699
"150",26,199597,21924878,1667025896,167797143544,19150088525058
"151",25,192075,21392108,1624513084,164453100437,18985593179325
"152",25,189993,20801775,1619565713,163447607663,18985593179325
"153",22,186038,20202197,1609525893,160910073963,18985593179325
"154",22,185919,20161715,1603081691,160825093730,18877104297484
"155",22,184593,20095168,1596298041,151445092701,18823208238479
"156",22,183945,19785741,1570777767,150941792428,18557159170776
"157",22,183529,19546195,1568566241,149522976211,17991347096015
"158",21,182487,19502165,1552409583,145823581972,17595944943788
"159",21,178636,19490714,1545904660,142649286120,17547437882245
"160",21,178565,19469311,1526476219,134923870443,17260563620576
"161",21,177135,18910095,1523064991,134079278649,17026841691382
"162",21,176547,18705500,1507720128,133853243419,16934680335880
"163",20,176388,18635690,1499197506,133595616642,16888880004348
"164",20,176361,18522883,1486510687,133082589427,16843265224351
"165",19,173113,17970459,1458529235,132699755855,15516042865238
"166",19,164117,17628752,1438669106,131372766632,15435856731397
"167",19,163324,17483474,1419634477,126733037174,15395996562798
"168",19,162886,17245839,1409439271,126377253879,14853790417259
"169",18,161875,16805908,1373651634,125611511385,14483847521144
"170",18,161112,16706040,1363515741,124244835741,14268477322428
"171",18,160362,16701679,1356645157,123469787539,13617270243641
"172",18,160285,16522747,1347934147,123412665269,13356346560050
"173",18,153367,16071217,1339080851,121021139949,13071672387833
"174",18,150674,15536913,1331945613,117708253616,12948063886782
"175",18,150232,15535905,1298773539,116154713914,12735928335993
"176",17,142557,15390031,1277823712,112638938848,12735928335993
"177",17,136600,14307993,1256936411,111600569623,12558219885730
"178",17,135989,14108272,1249079254,110190073218,12384205084872
"179",17,133052,14057632,1242361840,109829641448,12327003290260
"180",17,132348,14014000,1240748515,109494831630,12213782275375
"181",17,132089,13891608,1234497902,108499536950,12157755825028
"182",17,132052,13156960,1217872048,105278097798,11991970185567
"183",17,128196,12730871,1214771201,105120807028,11991970185567
"184",17,128069,12661042,1204685327,104184422743,11829552599632
"185",16,126182,12397303,1202815083,102241072450,11802804043804
"186",16,125355,11913270,1182660581,102069058058,11802804043804
"187",16,124423,11612969,1147903581,98452953047,11776146109809
"188",16,123326,11589601,1140638831,98412278413,11723100474033
"189",16,123310,11549587,1085866715,94296840952,11696711961355
"190",15,122942,11453211,1081403352,92901406493,11566096436079
"191",15,122552,11230038,1060971770,91774275402,11566096436079
"192",15,121577,11152008,1045953296,91463810935,11488774559619
"193",15,118302,11023224,1037627245,89686724130,11488774559619
"194",15,117957,11009787,1023444899,89105858793,11016598927236
"195",15,116961,10993014,1017177829,86418157729,10944712666134
"196",15,116850,10917295,1013831975,85868705973,10779689743585
"197",14,116601,10788809,1011370472,83994344683,10687061259957
"198",14,115801,10758767,990250558,83451932480,10527809779813
"199",14,115778,10530442,989717222,83388464904,10482962930764
"200",14,115396,10278490,966432943,83230112366,10394124662320
"201",14,114947,10090826,944667856,82134167236,10372091547873
"202",14,114769,9782532,927747338,81855851358,10134281824355
"203",14,114568,9384860,922300311,81794195507,9884062297038
"204",13,111981,9344154,916279779,81211923205,9682557650891
"205",13,111898,9230460,871014156,80923115883,9623307054743
"206",13,111307,9190147,863713331,80215282043,9545148539262
"207",13,110118,9169651,863629756,78594515405,9525757688932
"208",13,109178,9059099,851654914,78117857830,9204952926050
"209",13,105940,9016514,845453001,78089108964,9131825486354
"210",13,102362,8793585,832506727,77745356884,9059566023582
"211",13,102218,8695787,818157671,77022378962,9041635169939
"212",13,101551,8603183,797920618,76881801552,8952774429717
"213",12,100643,8474770,795684022,75977358564,8710818750742
"214",12,100341,8444873,783830939,75784644986,8478540713697
"215",12,99783,8414395,781811612,75048147811,8478540713697
"216",12,99621,8328453,778296519,72992767683,8349958072512
"217",12,98490,8316516,777125332,72850121402,8318269455654
"218",12,97514,8297627,760974869,72720805512,8302492750896
"219",12,96631,8223517,758231290,72643381183,7863806410372
"220",11,95589,8163176,741544938,71622763289,7791694857042
"221",11,94735,8141532,722606664,71421222022,7763127713875
"222",11,93561,8125873,684360824,71295690414,7734717389250
"223",11,92957,8077460,677631624,70747264063,7720570675449
"224",11,92115,7949101,663104858,70241906069,7692393433711
"225",11,91857,7920237,653880150,70192892966,7650415921691
"226",10,90219,7882355,646813737,69790485027,7567485196170
"227",10,89835,7855028,642545062,69403566936,7526524593724
"228",10,89251,7637848,640896427,69091560287,7512944940028
"229",10,89202,7542119,640213146,68509238832,7458992188596
"230",10,88756,7509352,618010890,68332448474,7432233493786
"231",10,86668,7447803,609767465,67910933348,7418908111448
"232",10,85969,7406866,598676481,67875983260,7326625834354
"233",10,85928,7354037,598608961,67701636871,7261760054967
"234",10,84406,7201925,593663028,66364494610,7210485651810
"235",10,84334,7197065,591080505,65230839623,7185051859800
"236",10,83113,7057014,584278687,64147379687,7159752401059
"237",10,82693,6913260,583767485,63383916557,7097085285361
"238",10,82048,6837011,571148426,63132455693,7059879135622
"239",9,81407,6798605,562580699,61745479566,7035237342427
"240",9,79606,6675168,560468890,61634485549,6998515853093
"241",9,78943,6371296,553740649,60482000241,6998515853093
"242",9,77124,6369210,549262894,59744362590,6986339229295
"243",9,76843,6250300,549000193,59332977034,6901985755719
"244",9,75958,6249313,544395626,59010696102,6866301270438
"245",9,75147,6138374,542027767,58420428887,6714821981659
"246",9,75102,6118761,532288363,58327550636,6680577301479
"247",9,73640,6023756,530224028,58114769393,6646593919693
"248",9,72391,6000380,529436952,58013415817,6601684629893
"249",9,72274,5947409,522982355,57565137208,6557228967561
"250",9,71911,5924865,521779378,57077107789,6405119470038
"251",9,71890,5913797,521708744,56657375348,6373213569605
"252",9,70101,5703421,514079433,56418342975,6352075230698
"253",9,69962,5561944,509020272,56365430112,6289287392990
"254",8,69880,5525652,507646612,55305479585,6258242006936
"255",8,68839,5491519,505948585,54017930857,6207008149511
"256",8,68597,5456508,501526037,54009663966,6106410006650
"257",8,68295,5406492,494109290,53943597105,6086584013218
"258",8,68072,5383814,491192891,53795389170,6037439409971
"259",8,67958,5255722,489662295,53721514145,5931394632992
"260",8,66931,5249459,479408239,53647791189,5902958103587
"261",8,66140,5221508,478497073,53127888345,5718502099854
"262",8,65567,5206189,476340012,53015167238,5718502099854
"263",8,65479,5193968,472644078,52040068892,5718502099854
"264",8,65128,5163776,468369576,51946380391,5709507210016
"265",8,65111,5150472,465419768,51829625125,5709507210016
"266",8,65024,5135487,462700860,51328206583,5629499534213
"267",8,64353,4983591,461627801,50668384994,5449229934790
"268",8,63866,4941693,454794133,50511024039,5374612223562
"269",8,63791,4887737,452750768,49888854446,5366416094791
"270",8,63727,4835059,452148674,49888854446,5341939884521
"271",8,63212,4832805,451396165,49371893849,5317630747070
"272",8,62614,4811710,449739707,48509207954,5301516723765
"273",7,62408,4809597,449156145,48277853171,5261550664045
"274",7,61416,4795617,447929986,47545805630,5206353061992
"275",7,61099,4770528,442185986,46584324329,5198538649491
"276",7,59574,4753591,440519026,46551235347,5159729239461
"277",7,59436,4720188,427068314,46183034931,5113728911143
"278",7,59184,4702375,423131902,46124267511,5098532102572
"279",7,58985,4697323,420462073,45722456219,5045873326419
"280",7,58727,4605956,417322938,45129513087,5045873326419
"281",7,58637,4575853,417098458,44184939115,4964757209779
"282",7,57269,4482904,414724499,44099433689,4871389537448
"283",7,56575,4468693,414268797,43892808087,4843190525549
"284",7,55840,4443937,405977396,43693645350,4815235660258
"285",7,55827,4442642,405643615,43525719890,4739595861746
"286",7,55485,4392553,400443041,43501809586,4652478953895
"287",7,55049,4307330,387137467,43430196769,4593566694601
"288",7,54505,4272840,379726180,42927964098,4587090041624
"289",7,54349,4260223,378743757,42904544587,4523070030392
"290",7,53333,4148335,378031220,42758605904,4497836774004
"291",7,53020,4141872,374957114,42474717703,4441828283936
"292",7,52992,4108765,373265453,42000255347,4441828283936
"293",6,52767,4107619,372483083,41662203824,4423391105834
"294",6,51978,4102333,367505824,41522552517,4398986235947
"295",6,51962,4086832,366718358,41206761209,4368763129020
"296",6,51509,4083064,361375795,41173729738,4338850425943
"297",6,50485,3975177,361032215,40558981791,4326971306462
"298",6,50051,3927416,353613257,40302008953,4303358955951
"299",6,50034,3848492,351789905,40280704865,4303358955951
"300",6,49040,3847677,351204035,40200964798,4256710422845
"301",6,48158,3845153,349631630,40089725893,4143354385523
"302",6,48104,3827054,349072615,40068589884,4050524349751
"303",6,47428,3783247,345729574,39633762525,3997368438166
"304",6,46539,3772512,345623763,39478336155,3971182013788
"305",6,45931,3759575,344762159,39308420790,3965975613805
"306",6,45681,3754271,343903773,39088656931,3955593483143
"307",6,45255,3725783,340464850,38075646189,3904289311642
"308",6,45001,3720971,339544154,37875831937,3904289311642
"309",6,44575,3694197,335024482,37619857779,3879010716309
"310",6,44152,3674585,333820282,37423615972,3848999140700
"311",6,43899,3642250,333647637,36862652686,3790011520733
"312",6,43365,3600251,330562789,36751046384,3741884878435
"313",6,43259,3597302,330119948,36350693629,3737122696444
"314",6,43220,3492097,326473032,35715601884,3718164590317
"315",6,43213,3490215,325658774,35367019165,3630054059709
"316",6,41732,3412772,322989404,35218565174,3616428595121
"317",6,41685,3385402,320231923,34920149917,3510134008738
"318",6,41522,3373313,320190415,34684990863,3446062328079
"319",5,41517,3361597,316476359,34540805949,3396059668109
"320",5,41382,3352455,314465333,33902970081,3359268441398
"321",5,41066,3349389,313988471,33402924129,3315107639376
"322",5,41028,3306059,311479115,33091532488,3311136261907
"323",5,40920,3268319,309748679,32613144782,3303214886127
"324",5,40704,3258218,306436740,32263037172,3256278148602
"325",5,40019,3254058,302203121,31358947503,3225540591756
"326",5,39826,3253007,302151233,31057604188,3187726843550
"327",5,39750,3233207,295380771,29904860523,3180243919267
"328",5,39749,3222811,293633397,29597340199,3117689303967
"329",5,39620,3195067,292046046,29103963257,3049934852757
"330",5,39236,3193056,288257570,28954136153,3049934852757
"331",5,39051,3184023,281354774,28622820894,3042931560343
"332",5,38951,3172657,281174603,28464034886,3008274308082
"333",5,38917,3100361,280625838,28278361034,3001413935610
"334",5,38729,3099807,278034147,27949311058,2924177990339
"335",5,38536,3097106,278009724,27924710499,2881834562827
"336",5,38090,3058378,277741287,27829689463,2846719764461
"337",5,37944,3028136,275577585,27580669050,2815351191006
"338",5,37525,3018747,274310626,27532469539,2806041686689
"339",5,37521,3010588,273910148,27133712276,2802948777928
"340",5,37438,2915940,273263471,26786810118,2778388556518
"341",5,37342,2901442,270772872,26469191249,2775341242728
"342",5,36984,2880273,269579668,26218586769,2760179614475
"343",5,36732,2867775,265593199,26171123480,2727258276244
"344",5,36505,2861326,265482067,25657424572,2694922435896
"345",5,35828,2857918,263958931,25485082997,2671765314989
"346",5,35717,2822370,249736711,25348988453,2671765314989
"347",5,35343,2790143,249580843,25114087466,2648905395948
"348",5,35323,2787361,249007987,25066976479,2626337614669
"349",5,34975,2786948,248444837,24859189776,2626337614669
"350",5,34919,2783290,243551419,24615781411,2571163992794
"351",4,34790,2770464,241746792,24600528423,2557642249241
"352",4,34652,2754056,241457443,24423619506,2486435290821
"353",4,34630,2745103,240988666,24181611540,2460815314457
"354",4,34573,2739322,240246361,23795044725,2383861430134
"355",4,34464,2723771,238400687,23785378819,2347915303538
"356",4,33759,2696817,238398263,23717882086,2317415603383
"357",4,33661,2690944,236753626,23705859335,2289786454151
"358",4,33051,2690377,234103597,23669845881,2287506358246
"359",4,32865,2686470,229664723,23619564757,2273897029841
"360",4,32570,2642741,228400167,23588518594,2267137864801
"361",4,32432,2610806,227869175,23528986229,2235990118902
"362",4,32360,2609886,227177591,23204387488,2203324522506
"363",4,32159,2602256,226569981,22991705805,2203324522506
"364",4,31381,2577564,223942898,22909277807,2203324522506
"365",4,31193,2568123,218783479,22863675872,2184067590614
"366",4,31127,2540764,218425891,22806864673,2154610368777
"367",4,31107,2520468,216252575,22800061562,2127787613895
"368",4,31105,2496959,215686151,22630968217,2109510353258
"369",4,30908,2489107,214891494,22599612533,2083522793099
"370",4,30680,2488699,214227123,22577255495,2021562766708
"371",4,30098,2446938,213354286,22528186641,2019671246094
"372",4,29940,2446331,213134861,21793987403,2014012585565
"373",4,29887,2431664,212840094,21204483117,1997178563006
"374",4,29816,2428396,210431429,21159818605,1993466335996
"375",4,29366,2417290,209252368,21064870497,1989764449449
"376",4,29259,2382413,208822460,20998586171,1984230924110
"377",4,28820,2340706,208705262,20920652723,1975059543160
"378",4,28792,2305274,207414701,20552932281,1967768143593
"379",4,28674,2298193,204919451,20537417708,1964137575836
"380",4,28665,2297019,204822896,20465890810,1960517046512
"381",4,28371,2291892,204356531,20444698107,1956906518647
"382",4,28204,2286850,204141231,19995970739,1924855816283
"383",4,27845,2249409,203627430,19450622769,1912603980423
"384",4,27786,2215364,201256403,19324404049,1888448647009
"385",4,27696,2215058,197784090,18959907781,1886740802966
"386",4,27528,2214686,196813175,18860583140,1866426110549
"387",4,27222,2213567,195777214,18667619950,1851404633495
"388",4,27050,2205570,195003807,18593934252,1849746782999
"389",4,26848,2178721,193724351,18533969978,1830025056791
"390",4,26703,2161571,192041410,18318197187,1813830224405
"391",4,26649,2132515,188367252,18318197187,1807412431207
"392",4,26498,2127134,188338312,17980081803,1794678609600
"393",4,26392,2106231,186545256,17938872179,1786788187808
"394",4,26347,2102197,186225193,17908846983,1783646582811
"395",4,26313,2044838,185344685,17904113055,1771162655583
"396",4,26154,2038498,185221779,17897804069,1752681084740
"397",4,26005,2030915,184989590,17856876826,1739009085141
"398",4,25949,2017343,182277548,17839603703,1726990051878
"399",4,25696,2011051,181787486,17781686762,1722515020154
"400",4,25501,1988913,181734232,17505437621,1716575317609
"401",4,25329,1987799,181103429,17358419726,1710666284755
"402",4,24441,1962998,180918995,17328337118,1704787710803
"403",4,24418,1957428,180854910,17177607978,1696026503663
"404",4,24379,1930694,177893406,17162791393,1693121105475
"405",4,24141,1906550,177193906,16996687801,1681573851142
"406",4,24018,1895676,176830989,16879101690,1680138755111
"407",4,23977,1862456,176373511,16818610910,1664473211211
"408",4,23250,1852605,176133121,16592531081,1654618030941
"409",4,23074,1846955,175830254,16441557237,1646240231584
"410",4,23026,1844712,173665555,16303596385,1636546303867
"411",4,22924,1841432,171408980,16147077322,1613357359871
"412",3,22899,1837705,169608469,16126828089,1605290585707
"413",3,22577,1826772,167480202,15868333996,1588018807675
"414",3,22454,1807889,167040021,15711539694,1585386369159
"415",3,22043,1800838,165807142,15684339737,1580141091135
"416",3,22019,1794918,165012797,15600595594,1577528208421
"417",3,21436,1786772,163026368,15539183542,1571024285399
"418",3,21402,1777218,162396265,15355854326,1550479848837
"419",3,21370,1774642,159849461,15302111221,1542879468864
"420",3,21054,1773962,159789586,15302111221,1527845410222
"421",3,20894,1756291,158066445,15207810983,1510581758820
"422",3,20620,1732002,156878329,15113156150,1488812250294
"423",3,20408,1713200,156367163,15111932685,1448956094121
"424",3,20363,1696392,153285725,15049732435,1448956094121
"425",3,19707,1695459,153052281,14912077644,1440949247271
"426",3,19412,1677526,149788568,14820166156,1439810831951
"427",3,19327,1665364,149445089,14617901629,1431879565646
"428",3,19298,1659473,148109031,14541386453,1431879565646
"429",3,19235,1652719,147413523,14521775296,1426254430381
"430",3,19083,1646929,146795494,14285005000,1419547914136
"431",3,19022,1640937,146421407,14269276947,1408475039762
"432",3,18919,1637190,145378073,14240136539,1399709755469
"433",3,18876,1631567,144642102,14149922969,1399709755469
"434",3,18800,1625067,144544777,14084750398,1384566175534
"435",3,18745,1622689,143923076,13966612286,1383493907481
"436",3,18683,1595792,143255682,13941645258,1382422884562
"437",3,18670,1594476,140969772,13870371278,1379217267357
"438",3,18588,1582486,140870624,13812461952,1370723262813
"439",3,18475,1571520,140200271,13791106055,1366505655273
"440",3,18367,1546056,138905100,13660849655,1351896306840
"441",3,18284,1521010,138231585,13576076243,1333454587583
"442",3,18238,1507290,138158835,13534503594,1332441131730
"443",3,17988,1499849,132216955,13512754352,1331428830811
"444",3,17952,1499413,128301373,13474561608,1330417683074
"445",3,17674,1482021,127887975,13240738586,1329407686768
"446",3,17658,1466776,125966018,13137995132,1329407686768
"447",3,17518,1453851,125645425,13060000105,1326384588970
"448",3,17471,1443082,125184810,13051158689,1311422671534
"449",3,17439,1425393,122700602,13050176864,1301588265498
"450",3,17342,1420331,121551417,13042326248,1278432227786
"451",3,17258,1414878,120380022,12670852523,1277480836393
"452",3,17046,1395041,119255489,12659588709,1273685871282
"453",3,17018,1368927,118594441,12652087842,1268025052191
"454",3,16960,1362666,118387187,12623084859,1260535810231
"455",3,16753,1356961,115613791,12455719007,1234839358452
"456",3,16516,1354150,115393888,12315926306,1233034037994
"457",3,16430,1352598,115290286,12182900367,1222284791451
"458",3,16376,1340764,114844030,12105344574,1213434097959
"459",3,16159,1334051,113778415,11939540704,1208169747992
"460",3,16066,1282353,112994443,11878774337,1198607010100
"461",3,16046,1275178,112924868,11851538235,1190867146505
"462",3,15964,1268731,112578742,11803255417,1181508698317
"463",3,15770,1263302,112209152,11720929842,1178132960904
"464",3,15296,1260981,112176284,11619640893,1168092100766
"465",3,15228,1252646,112099646,11605631149,1152454616430
"466",3,15161,1241342,111670993,11549027403,1143544440197
"467",3,15110,1236041,111576243,11526175824,1140329980957
"468",3,14965,1231405,111140554,11514775460,1138727831550
"469",3,14897,1231286,111132838,11331468178,1128395683379
"470",3,14779,1227654,109833526,11298178813,1118203521666
"471",3,14754,1210168,109741105,11288694508,1115095243748
"472",3,14699,1193529,108320392,11169586528,1113545962596
"473",3,14608,1190072,107882950,10909890871,1108917442648
"474",3,14591,1184361,106494434,10891902595,1104317720915
"475",3,14498,1177091,106341892,10869479745,1078785226286
"476",3,14435,1175884,106111172,10831519493,1075839738988
"477",3,14434,1170095,104253581,10717362810,1075105252074
"478",3,14408,1167533,104156910,10640330311,1074371517065
"479",3,14293,1162931,103547767,10407855038,1068528582868
"480",3,14189,1162785,103392509,10361858145,1062012076127
"481",3,14161,1159783,103330918,10361858145,1057700800159
"482",3,14096,1155726,102908883,10188331940,1050573456572
"483",3,14030,1154700,102576260,10086834074,1045627094384
"484",3,13932,1154395,101970061,10076168288,1045627094384
"485",3,13905,1150969,101525331,10020449483,1042115335002
"486",3,13788,1138926,100390372,9996053194,1037228517186
"487",3,13610,1120140,99942106,9911689034,1033758947724
"488",3,13590,1117808,99543911,9881863860,1031685555738
"489",3,13585,1116491,96509684,9799576961,1028243738100
"490",2,13549,1105419,95276634,9763899306,1026186908334
"491",2,13454,1099428,94843893,9718313611,1015994749256
"492",2,13454,1088984,94224075,9587163783,1012631087438
"493",2,13403,1087446,93349616,9485362599,1008616696592
"494",2,13333,1077277,93146814,9435672546,988898370786
"495",2,13240,1074380,92470290,9383378305,986313016674
"496",2,13153,1068798,91773891,9354712196,983095556685
"497",2,13097,1063497,91403311,9280674401,981812979448
"498",2,12968,1062362,90487191,9261862029,967868750082
"499",2,12964,1055075,90390338,9257754448,965365372534
"500",2,12964,1050426,88767347,9219159803,964741045712
"501",2,12954,1027435,88584776,9195886452,958530948904
"502",2,12930,1015516,87636535,9158831983,949937054852
"503",2,12902,1014361,87463903,9120853642,940856937559
"504",2,12902,1011949,87387999,9088814537,940256230830
"505",2,12852,1010960,87172133,9083111036,930722642404
"506",2,12755,1001044,87152841,9039939337,924837594606
"507",2,12723,1000877,86152611,9026934876,920169652053
"508",2,12707,998465,85972268,8917798327,919008188424
"509",2,12678,994059,85772609,8914471721,916691848605
"510",2,12515,991874,84039519,8907824091,915536961351
"511",2,12483,974819,83977150,8905609867,910366880609
"512",2,12461,959823,83715752,8905609867,909795131915
"513",2,12424,955241,83041403,8874697217,908653249214
"514",2,12145,950688,82911488,8851069832,907513514927
"515",2,12129,943747,82551716,8813897730,905240470072
"516",2,12067,937253,82412601,8800290368,904107148780
"517",2,12063,936621,81932365,8741328927,902975954460
"518",2,12010,930052,81869398,8723058496,899595080219
"519",2,11990,928951,79991509,8494272103,898472340759
"520",2,11894,920802,79834849,8478826571,897351701840
"521",2,11882,918303,79714727,8453689315,897351701840
"522",2,11712,912788,79620134,8434271999,894559260085
"523",2,11696,911232,79013528,8372382325,890671687580
"524",2,11685,899296,78769879,8154255930,876992399375
"525",2,11513,891651,78147007,8102136774,875911694118
"526",2,11493,891360,77631396,8080089501,872144914971
"527",2,11276,886729,77565223,8074830661,871073154808
"528",2,11212,886395,76632152,8035315313,851596685089
"529",2,11212,885781,75499776,7938951159,850562566562
"530",2,11161,882630,75351811,7902740564,849530330533
"531",2,11147,881436,75285089,7855302351,845420120266
"532",2,11101,879153,75250687,7843852643,841848106247
"533",2,10975,878062,75220604,7780194498,833266889403
"534",2,10832,877024,74757894,7651213026,832265968305
"535",2,10819,875564,74528987,7650772307,825309745936
"536",2,10746,873275,74070955,7631418304,821373848135
"537",2,10606,868699,73857731,7548249823,813586051170
"538",2,10550,868692,73764187,7459216011,810694159911
"539",2,10484,867897,73659163,7344315399,810213677385
"540",2,10473,859672,73392198,7312915347,799750211644
"541",2,10471,824528,71983886,7293597561,795995521000
"542",2,10471,809707,71935647,7264560207,792267209866
"543",2,10453,804375,71380788,7178481036,789950301588
"544",2,10425,799342,71315303,7117590233,781238102490
"545",2,10372,794255,70717829,7076641632,778969370996
"546",2,10300,790890,70696294,6985020510,774461455858
"547",2,10282,790428,70676725,6945590179,769992558919
"548",2,9992,790092,70518129,6944446731,762483713189
"549",2,9988,789040,69869047,6871474163,760732890086
"550",2,9947,785510,69287719,6871099067,747366156063
"551",2,9914,782335,69029789,6869598991,743551447755
"552",2,9913,778540,68829294,6863603595,736841485918
"553",2,9905,777457,68576534,6827423972,736425132494
"554",2,9847,775841,68200740,6806666865,733106972220
"555",2,9731,774722,68158105,6804818157,730633047193
"556",2,9700,769722,68115881,6799645779,724502745259
"557",2,9477,769397,68060752,6711885742,721264748214
"558",2,9467,768500,67462373,6686608992,711679941115
"559",2,9466,768497,66970634,6635769968,710495288901
"560",2,9461,763163,66895626,6616234465,704616164071
"561",2,9458,762528,66576811,6585508549,703449098161
"562",2,9457,754446,64822479,6581990556,701123648187
"563",2,9453,751870,64504020,6574963020,698809710332
"564",2,9446,743477,64061431,6520185711,693835310682
"565",2,9374,739548,63918839,6502884371,690044903619
"566",2,9249,736979,63877129,6496672743,682185473213
"567",2,9246,735391,63800544,6445935091,680333973257
"568",2,9118,734109,63718736,6441506826,678490000739
"569",2,9116,727763,63136255,6373950850,678122105937
"570",2,9099,727284,63081119,6370600988,677020215087
"571",2,9072,722045,62204153,6361569539,670826601108
"572",2,9058,707658,62198984,6228047057,670103532876
"573",2,8987,706269,61998537,6227399752,670103532876
"574",2,8963,705036,61960941,6191311101,669021120562
"575",2,8951,703866,61107779,6186181199,660102127905
"576",2,8813,703749,61030780,6179777783,659749084922
"577",2,8801,703363,60791601,6098684620,655185183173
"578",2,8788,697176,60485305,6059667122,649977744418
"579",2,8738,695089,60321453,6044783844,644832143243
"580",2,8674,694142,60213921,5993733012,642112769812
"581",2,8672,690141,59858567,5917461470,641435614288
"582",2,8663,689006,59764134,5881652406,639410562310
"583",2,8615,686190,59390740,5817133472,628114365244
"584",2,8585,684864,58621254,5812753265,626805112102
"585",2,8435,681145,58564840,5796734762,626152020079
"586",2,8418,669938,58377575,5792667898,609837098595
"587",2,8418,667692,58135705,5657181591,605469992754
"588",2,8383,661430,58007768,5585024400,604540288488
"589",2,8366,658086,57999913,5567474376,603612723932
"590",2,8329,656869,57312891,5512351879,600229854543
"591",2,8292,654488,57145816,5507503725,595662491139
"592",2,8171,651274,56541565,5497289713,589653324097
"593",2,8095,641232,56456266,5367570953,588759797279
"594",2,8094,633592,56340513,5346398142,588759797279
"595",2,8029,633050,56298762,5283373060,588165240591
"596",2,7955,626297,56084063,5282867292,586978825884
"597",2,7945,625852,55384529,5253656585,582854520682
"598",2,7943,625191,55253387,5212770313,573017490205
"599",2,7937,620302,54978534,5171869572,571591896802
"600",2,7834,617375,54791629,5139203418,563427408630
"601",2,7791,614833,54682286,5108768985,562037431588
"602",2,7782,600597,54426748,5097965036,561482880629
"603",2,7694,594857,54366245,5081226888,557623903190
"604",2,7649,587400,54090117,5066945428,557349785508
"605",2,7590,585617,53959628,5036914247,552450030946
"606",2,7588,585090,53717169,5010417484,548148733197
"607",2,7586,578783,53654739,4992714077,546282696310
"608",2,7568,572996,53608182,4963339452,545485881981
"609",2,7559,572004,53433359,4956898039,542315994946
"610",2,7550,571983,53407904,4906267744,536834795180
"611",2,7510,570040,53214114,4876081637,536058555067
"612",2,7387,561870,53173746,4842842441,535026184473
"613",2,7286,556833,52597305,4822708893,532202493574
"614",2,7283,554911,52570687,4779768529,529401097586
"615",2,7265,545910,52566169,4750093715,525616519482
"616",2,7257,538590,52273496,4748584910,524614152092
"617",2,7236,535610,52163660,4739117436,524614152092
"618",2,7220,532173,52060106,4727322857,512806099164
"619",2,7210,528823,51135336,4655797180,510636514151
"620",2,7178,522161,50565579,4553537266,508003446158
"621",2,6993,519129,49876533,4530757267,506575802518
"622",2,6946,518815,49414668,4515332401,505390691677
"623",2,6945,517542,49372604,4504163739,505154168600
"624",2,6908,517233,49250149,4486696524,501392270263
"625",2,6854,512861,48733696,4453239533,500924989514
"626",2,6826,512497,48600887,4411652483,495597886110
"627",2,6812,511013,48436415,4367412230,493993454187
"628",2,6806,509887,48079654,4364752418,493536475993
"629",2,6801,508182,47795944,4348466749,490581514671
"630",2,6801,503074,47580592,4344315288,490129261628
"631",2,6724,502383,47566330,4328143761,488551291015
"632",2,6686,500027,47088621,4310384608,481653921091
"633",2,6668,498166,47040566,4254466697,473825816103
"634",2,6658,497781,46573248,4250449087,469559058752
"635",2,6655,493200,46307312,4175538494,468079301242
"636",2,6612,483843,46203106,4172164501,463266178446
"637",2,6610,483007,46088947,4148132770,463058598666
"638",1,6596,482256,46083384,4147429101,462436695750
"639",1,6526,482217,46063407,4106400703,460990452083
"640",1,6454,474191,45859031,4060349581,459345894367
"641",1,6378,471350,45256603,4051334239,457302543277
"642",1,6328,470943,45243373,4036093805,455272796366
"643",1,6315,469967,44647300,3981603445,452053197740
"644",1,6251,467523,44146257,3971365205,451453326262
"645",1,6215,460499,43949120,3960509767,450456190561
"646",1,6190,457541,43509605,3944473012,449859494050
"647",1,6178,452108,43505447,3929506576,449660858665
"648",1,6153,449238,43492411,3893740768,449065741237
"649",1,6143,447860,43310893,3869850402,444542169043
"650",1,6126,446535,43145062,3866364978,441628738316
"651",1,6096,446009,42727454,3856883174,438743854985
"652",1,6071,442395,42307180,3855779236,433433842109
"653",1,6012,437317,41979994,3809683590,433433842109
"654",1,6012,436589,41719870,3808290299,431001190701
"655",1,5943,433742,41616780,3778747906,425282244141
"656",1,5906,432930,41592039,3746374746,420573022191
"657",1,5818,431526,41518124,3719191007,420573022191
"658",1,5802,431033,41455301,3645761830,420393462785
"659",1,5785,429148,41241162,3635635322,420034688778
"660",1,5770,428590,41049801,3632317248,417358463103
"661",1,5768,415635,40827967,3626557494,414531916562
"662",1,5747,415390,40673444,3608360796,413304324041
"663",1,5739,411766,40662342,3527939701,412430807802
"664",1,5735,409956,40474482,3526698064,411038930936
"665",1,5687,404441,39337276,3443381176,407247397113
"666",1,5581,401053,39155770,3428658378,404861852637
"667",1,5523,400616,39054154,3420080715,403676933039
"668",1,5500,392730,38989943,3416790183,401657710196
"669",1,5338,392591,38793324,3366323991,401657710196
"670",1,5314,392037,38416592,3342908827,400820836352
"671",1,5285,390341,38201266,3339093592,400153219002
"672",1,5249,387398,38140077,3317219305,400153219002
"673",1,5248,384934,38062791,3313573560,399986575289
"674",1,5241,381106,37617645,3288220805,398822978596
"675",1,5235,377896,37584240,3282887869,398160344478
"676",1,5234,376879,37555730,3280040692,397994943983
"677",1,5228,376354,37185787,3279545909,394545205295
"678",1,5178,374221,36983081,3258865692,394382052105
"679",1,5098,372170,36649146,3257885803,393405254828
"680",1,4927,371393,36063490,3252870802,392918216491
"681",1,4910,371140,35668142,3247989270,392432082029
"682",1,4852,370866,35329820,3241902791,392108493436
"683",1,4846,370367,35316962,3223384068,390175340291
"684",1,4831,365415,35266429,3218809245,385247026479
"685",1,4811,365124,34665442,3190376679,382895814231
"686",1,4774,365091,34614423,3183031725,381495404014
"687",1,4735,360335,34596860,3161382513,377034857041
"688",1,4605,360118,34458442,3148545372,375666448566
"689",1,4604,359264,34425962,3139142490,375514863195
"690",1,4599,353674,34232837,3135092543,375060657173
"691",1,4593,348929,34133468,3125979997,370563567644
"692",1,4582,345676,34029171,3124024264,370415060054
"693",1,4572,340180,33719390,3118053403,369230206563
"694",1,4516,330738,33560193,3117365559,366438861185
"695",1,4463,329451,33213374,3100925352,366146878040
"696",1,4454,328117,32566004,3070224427,365127680544
"697",1,4432,327601,32467828,3031605636,365127680544
"698",1,4345,327548,32358455,3031275890,362239023530
"699",1,4279,326306,32055494,3023925550,361665406798
"700",1,4272,326271,31877675,3017584137,359100917220
"701",1,4203,322110,31734858,3012024534,355305025395
"702",1,4202,314718,31685469,2998246618,354469669041
"703",1,4194,312742,31674901,2993603071,354469669041
"704",1,4054,312274,31369314,2960337211,354053095183
"705",1,4043,309919,31094489,2914315653,353637255233
"706",1,4009,304768,31029733,2900378865,348975163258
"707",1,3997,304312,30983910,2873310614,348297344318
"708",1,3952,302707,30698772,2857452324,347216934440
"709",1,3932,301265,30564797,2843621355,344138607338
"710",1,3883,301000,30516114,2841824721,340969881994
"711",1,3875,300116,30090440,2837241054,339271729872
"712",1,3775,298265,29917702,2812129787,339141628548
"713",1,3767,297841,29851322,2790162967,338881650306
"714",1,3753,295701,29678826,2774505843,338362589842
"715",1,3740,293647,29626722,2769316080,337974076710
"716",1,3723,292522,29528522,2765576968,336941307026
"717",1,3699,292179,29462063,2762610253,334379998888
"718",1,3686,288902,29427341,2753929029,333236928795
"719",1,3661,288771,29179764,2750505992,326745861059
"720",1,3633,282497,29036733,2748701961,323328934355
"721",1,3608,281021,28911943,2739330667,322845180641
"722",1,3598,277404,28344167,2709736748,317594782856
"723",1,3585,277167,28334927,2691437447,314901080626
"724",1,3533,273299,28216702,2672776822,314901080626
"725",1,3460,271678,28116388,2656923147,310753142407
"726",1,3426,268406,28114719,2650441422,305682466391
"727",1,3402,268230,28046712,2647209451,299435826211
"728",1,3389,267657,27865850,2623245470,298789445771
"729",1,3386,265246,27813420,2610287164,297182621870
"730",1,3371,264010,27219747,2610199342,293169540829
"731",1,3364,262840,27197876,2590290892,289339668272
"732",1,3351,260480,26587549,2549115908,287199250069
"733",1,3347,260479,26339221,2539565421,286693127602
"734",1,3344,260043,26290416,2529314406,282395165425
"735",1,3341,259443,26193126,2493674362,279356308729
"736",1,3331,258883,26028468,2490397362,277807021962
"737",1,3309,258069,25945589,2486473481,277325512351
"738",1,3276,256036,25861373,2462560350,276079430229
"739",1,3268,252252,25686021,2444632253,275507146195
"740",1,3249,251683,25580983,2442643502,274746864677
"741",1,3239,250195,25541579,2438197497,272766033729
"742",1,3235,248981,25255573,2428474676,271364240586
"743",1,3235,247714,25213500,2414350649,271271172168
"744",1,3233,247645,25078891,2408501981,269696306572
"745",1,3163,246877,25016727,2406401662,266950392264
"746",1,3138,246648,24904137,2386776885,266044401428
"747",1,3128,245442,24897836,2379804338,264963287471
"748",1,3123,241891,24591678,2377588737,264514767386
"749",1,3105,239731,24533477,2372177376,262377642858
"750",1,3087,237788,24493753,2360805497,261847408619
"751",1,3077,235337,24469741,2352367733,261759192530
"752",1,3038,234858,24295705,2342630502,261759192530
"753",1,2987,233177,24184339,2341734730,261671021013
"754",1,2973,231979,23811046,2331544312,260091521476
"755",1,2895,231047,23671106,2310703550,259742463945
"756",1,2882,224454,23576134,2300714799,256461175862
"757",1,2832,221066,23488104,2297592996,256461175862
"758",1,2818,220657,23479335,2297157900,254843799647
"759",1,2802,220190,23382610,2290501887,254083009228
"760",1,2789,215775,23343196,2282222472,253914407368
"761",1,2777,213758,23204409,2263455713,252488042598
"762",1,2773,211855,23171393,2258570443,251987488200
"763",1,2753,210915,23089782,2255251846,251571495720
"764",1,2702,209314,22889434,2252644476,251239442965
"765",1,2671,208010,22867886,2251377661,249753310841
"766",1,2618,206976,22553718,2243659178,249178929700
"767",1,2591,205582,22512018,2211054776,249178929700
"768",1,2577,204935,22509134,2199257323,245453244862
"769",1,2577,202761,22261742,2197221130,244495067852
"770",1,2557,202664,22202512,2195255498,242674176735
"771",1,2557,202523,22011671,2187756189,242595469470
"772",1,2554,202403,21938270,2180496387,242202506921
"773",1,2549,201809,21861734,2165620124,241732210902
"774",1,2544,201537,21766794,2155040172,241185261428
"775",1,2541,198224,21510204,2085360443,239324031638
"776",1,2510,197627,21464093,2069708174,234464786931
"777",1,2501,196447,21441256,2050679873,232976597818
"778",1,2501,196316,21306682,2047625540,231429196847
"779",1,2472,195527,21256963,2041719560,229969769953
"780",1,2470,195213,21166187,2038260947,228236607820
"781",1,2462,193343,20876576,2033542332,228093062787
"782",1,2434,192311,20729550,2029201216,225391236128
"783",1,2434,189904,20495368,2027817399,224898770055
"784",1,2428,189758,20488403,2002440519,223222511772
"785",1,2416,185337,20351738,1981248653,222944958163
"786",1,2415,185160,20318766,1979043623,221633621573
"787",1,2412,183528,20103120,1973720349,220606511092
"788",1,2393,182837,19820445,1936658676,220197665136
"789",1,2389,182139,19783712,1935648801,217100595430
"790",1,2384,176682,19532146,1929103829,215972543508
"791",1,2320,176484,19265174,1917439417,214853260813
"792",1,2308,176477,19223422,1908732937,214394907320
"793",1,2308,174574,19111626,1853664487,214068409374
"794",1,2299,174537,19086341,1846276089,213938018995
"795",1,2255,169977,19081290,1788926306,209827627445
"796",1,2239,169808,18896131,1782912319,206327436484
"797",1,2233,168715,18878347,1773923440,206265731083
"798",1,2216,168414,18874512,1769307431,204915185284
"799",1,2215,168149,18655414,1763489556,203577860443
"800",1,2214,167309,18435416,1743039829,203215407351
"801",1,2187,166768,18323128,1738114201,200173258818
"802",1,2179,166235,18222821,1735444946,196394021525
"803",1,2147,165836,18120490,1729224761,191777121616
"804",1,2146,165224,18098008,1706066808,189149693872
"805",1,2138,164221,18064287,1691542153,186788364619
"806",1,2119,162782,18024612,1676388284,186152038502
"807",1,2118,161652,17672263,1675710476,185466347648
"808",1,2117,160399,17569678,1652863143,185098697634
"809",1,2116,160120,17510803,1650034601,182350194511
"810",1,2099,160086,17510417,1618021616,182145249099
"811",1,2098,159709,17494890,1593027025,181787425080
"812",1,2076,158600,17390451,1574597486,180720256814
"813",1,2073,158123,17385008,1558388307,180568571636
"814",1,2051,157656,17282213,1549794660,180366621621
"815",1,2050,155159,17215552,1532937820,179411970240
"816",1,2023,154447,17189991,1519002184,179012277865
"817",1,1987,152818,17113229,1513636200,178464878073
"818",1,1982,151331,17080129,1507681575,178365620634
"819",1,1974,151200,17050649,1500919215,178266445979
"820",1,1972,148278,17017915,1500230176,176300196615
"821",1,1940,145065,16967082,1496334567,174702427583
"822",1,1939,143442,16925505,1489004864,174606291980
"823",1,1927,143388,16726024,1480865358,174462237294
"824",1,1884,141563,16722150,1461394678,173983340354
"825",1,1875,141151,16638883,1417171942,173078852258
"826",1,1862,140076,16577639,1409962109,172794689462
"827",1,1855,138925,16435389,1409892380,172747397040
"828",1,1850,138738,16362617,1399284556,172747397040
"829",1,1835,138317,16281368,1390433449,170871505991
"830",1,1824,137943,16212152,1388557447,170778514697
"831",1,1818,135739,16170149,1387978360,166985332187
"832",1,1809,134800,16018819,1381327908,166313314629
"833",1,1765,134237,15442688,1375060869,164584935371
"834",1,1759,133525,15380056,1372344998,163447607663
"835",1,1750,133210,15040143,1334060931,163100031774
"836",1,1733,132044,14654390,1296956847,162926659444
"837",1,1731,130924,14570557,1291560148,162623922336
"838",1,1728,127802,14556466,1290277278,159936851107
"839",1,1724,125531,14338443,1275840680,159097729516
"840",1,1677,124732,14135461,1270038421,158348153506
"841",1,1667,124665,13959057,1262737659,157727546015
"842",1,1666,124063,13873894,1247017720,152616206470
"843",1,1640,123693,13789711,1237932747,152616206470
"844",1,1622,123416,13760083,1237215973,151406287989
"845",1,1621,122785,13745103,1235441058,151096386495
"846",1,1612,121568,13695637,1232301401,150556343677
"847",1,1603,121337,13687530,1209020090,149942689622
"848",1,1587,120940,13686330,1202375658,148915622785
"849",1,1583,120937,13678997,1201113653,147189949320
"850",1,1582,120391,13531670,1180654338,146154185112
"851",1,1582,118322,13415367,1179773208,146043859255
"852",1,1543,116745,13321409,1176019468,145311535679
"853",1,1540,115807,13148918,1175966352,145311535679
"854",1,1538,115266,13016171,1162851735,145202162388
"855",1,1501,111431,12994180,1161364671,141205637098
"856",1,1474,111054,12895603,1161234363,141100865715
"857",1,1452,110158,12887922,1142035420,140787250255
"858",1,1445,110058,12856565,1131735949,140752468648
"859",1,1433,109671,12428551,1127809764,140128597356
"860",1,1433,109332,12402364,1114901681,136703719052
"861",1,1432,109261,12324040,1111404221,135250839596
"862",1,1420,106405,12108937,1099423863,135054515674
"863",1,1403,105259,12034692,1095664476,133210568830
"864",1,1389,104045,11841163,1094352053,132890965853
"865",1,1381,103420,11806570,1076711474,132763446642
"866",1,1377,102583,11682000,1064393779,132699755855
"867",1,1363,101974,11640173,1043196430,132636110889
"868",1,1362,101972,11578463,1039302134,131466890051
"869",1,1360,101489,11427169,1034837438,131435504342
"870",1,1328,101318,11389385,1016942867,129788011196
"871",1,1316,98667,11141054,1000424723,127419167823
"872",1,1313,98663,11092309,999050813,127269535791
"873",1,1299,97774,11007791,993975370,126643950630
"874",1,1293,97387,10932824,988201623,126258992330
"875",1,1293,96262,10730193,979160531,124100758712
"876",1,1289,96022,10715579,978414392,120965708305
"877",1,1282,94638,10502884,974636346,120551182223
"878",1,1270,93620,10428814,964931012,120083956650
"879",1,1262,93118,10237360,963964518,120056557424
"880",1,1259,92452,10199973,957922529,119701219183
"881",1,1258,91040,10154709,957512645,118698462495
"882",1,1236,89294,10082598,952750044,118081464921
"883",1,1224,88167,9957153,952420897,117310344429
"884",1,1224,87328,9892089,947081680,117125343633
"885",1,1189,86999,9828310,945069518,116940780117
"886",1,1183,86801,9761289,934276237,115660964361
"887",1,1177,84686,9760465,930769405,115531553502
"888",1,1172,83452,9574346,925685151,112688746028
"889",1,1161,82525,9542314,921452397,111477911426
"890",1,1129,81984,9530619,920164335,109518695812
"891",1,1119,81011,9460671,918475556,108877090512
"892",1,1117,80599,9398697,904611289,107680454671
"893",1,1113,77373,9374002,902161574,107680454671
"894",1,1080,76873,9259950,901198726,107216565260
"895",1,1079,76825,9248678,888995245,106297734443
"896",1,1068,75955,9224055,880382906,105820069092
"897",1,1055,74760,9190312,869239362,105233121574
"898",1,1036,74655,9150408,865773110,104384020336
"899",1,1033,73844,9143649,863061765,103654952738
"900",1,1030,72006,9018422,851049642,102521524699
"901",1,1025,70218,8921052,848065465,101983213606
"902",1,1016,69914,8811196,846279244,101662259553
"903",1,1013,69452,8483192,839574856,99685014726
"904",1,1013,68922,8383394,838662435,98943021951
"905",1,1011,68718,8339386,835695387,98615904012
"906",1,1006,66236,8333489,833852934,98310702037
"907",1,994,66223,8291334,828236398,97263565604
"908",1,993,65525,8285850,820954274,96924859329
"909",1,989,65308,8214331,818034394,96825576509
"910",1,986,64825,8203752,815298675,95743460197
"911",1,980,64773,8202035,814547993,94392258948
"912",1,968,64760,8065032,810004864,94087429973
"913",1,967,64532,8003709,808458562,93444551506
"914",1,966,64232,7875612,802661748,93050765643
"915",1,966,63768,7795779,798143311,92492518134
"916",1,959,62623,7648702,797253097,92399965462
"917",1,957,62225,7559567,789001180,91847555587
"918",1,949,62038,7530715,772240755,90309021981
"919",1,947,61827,7397781,770364579,89669038802
"920",1,946,61140,7337451,765976105,88600047256
"921",1,946,61042,7293358,756871918,88132980900
"922",1,946,60590,7283640,710144515,85968215812
"923",1,944,60478,7128704,702725653,85835574419
"924",1,926,60024,7090740,676865585,84980840204
"925",1,923,59720,7063067,667762177,81395125154
"926",1,917,58403,7048553,657196051,80862510668
"927",1,917,57739,7030324,650338008,80635846419
"928",1,911,57292,6993130,648757236,78783488139
"929",1,908,57150,6978235,647377428,78290684897
"930",1,907,57072,6726422,646056084,77802491078
"931",1,906,56975,6682238,644124701,77574331403
"932",1,901,56814,6562750,626949519,76727610457
"933",1,892,56486,6251350,622272093,76490225937
"934",1,890,55799,6229207,611177963,76170808157
"935",1,887,55681,6010479,600658940,75853387007
"936",1,887,55493,5994857,599864776,75401410986
"937",1,887,55322,5930757,591525544,75374148431
"938",1,870,54581,5870274,588026196,74082735912
"939",1,867,54024,5786967,578829692,73804665207
"940",1,866,54022,5764444,573447525,73738688662
"941",1,864,53166,5748636,565855064,73685971103
"942",1,864,53087,5671897,558873250,72785420379
"943",1,861,52587,5574465,553920897,71233048683
"944",1,848,52244,5477250,553423283,66601560871
"945",1,846,51712,5455896,551251959,66375754758
"946",1,841,50631,5428214,549483369,65905284263
"947",1,838,50300,5412101,542393606,65883005793
"948",1,828,49623,5290649,539501983,63069824293
"949",1,821,49052,5205258,520377236,62059898978
"950",1,809,48523,5184152,506789019,61393353226
"951",1,782,48362,5074019,495995257,61133719948
"952",1,781,47853,5049593,489084823,59638718116
"953",1,778,47696,5024615,487691703,59380593883
"954",1,764,46277,4988797,486926608,58578831827
"955",1,757,45650,4853779,486905381,55736239541
"956",1,735,45385,4802028,455478329,53885887992
"957",1,731,44439,4783778,454226208,52346313308
"958",1,719,44403,4676661,443099786,51612732596
"959",1,701,42940,4663270,439813573,50834029355
"960",1,696,42553,4526994,438825150,49954964012
"961",1,678,42221,4447740,430259480,48495139158
"962",1,676,42169,4402488,399295105,48228990717
"963",1,673,42151,4359044,398335277,46823609899
"964",1,644,41624,4315861,398094553,46235366978
"965",1,624,40776,4302583,393263901,45981085167
"966",1,621,40030,4131489,387544107,45741777608
"967",1,615,37993,4069866,387338197,45606784556
"968",1,600,37611,3943947,385507322,45434098362
"969",1,599,37452,3943230,382775390,45351302756
"970",1,589,35536,3815366,374541476,44461468778
"971",1,588,35472,3696152,341692736,43844401355
"972",1,569,35109,3633942,340878935,43406365123
"973",1,569,34120,3608254,310889865,41898409150
"974",1,568,33927,3440630,309200132,41190240507
"975",1,562,33823,3255326,298015975,39354652390
"976",1,550,33528,3144767,295598197,38514867794
"977",1,548,33222,3123283,292286124,37895256685
"978",1,498,32257,3102461,280542270,37110924767
"979",1,490,31803,3093076,246771907,36364389767
"980",1,476,31553,2989349,234883958,36042311619
"981",1,471,30994,2946247,231565096,34847209676
"982",1,451,30796,2926161,228213882,34296910103
"983",1,446,30361,2905853,226747511,34117754442
"984",1,428,29940,2763538,223157094,33095497089
"985",1,426,29445,2744019,218105235,30760583725
"986",1,412,28939,2624421,218079782,29607402473
"987",1,403,28425,2484286,215953409,28287758179
"988",1,401,27228,2431522,207773192,26423874574
"989",1,362,26354,2372091,206255016,24559923029
"990",1,346,24374,2228069,204047145,22881900293
"991",1,310,23277,2224827,195158121,22313733719
"992",1,299,23133,2197718,186740043,20785802666
"993",1,261,22554,2178956,184122756,19949499838
"994",1,250,20879,2148141,180867724,19572671224
"995",1,233,20567,2074885,174863874,19525870353
"996",1,202,19669,1865921,170525688,18382039295
"997",1,199,18695,1760722,155168839,17254964389
"998",1,179,18325,1127131,152131231,15091156491
"999",1,174,17842,1013318,141051373,14172118053
"1000",1,165,14215,989272,131702847,6171468194
